{userId},Ervin Howell,False,suscipit repellat esse quibusdam voluptatem incidunt
{userId},Ervin Howell,True,distinctio vitae autem nihil ut molestias quo
{userId},Ervin Howell,False,et itaque necessitatibus maxime molestiae qui quas velit
{userId},Ervin Howell,False,adipisci non ad dicta qui amet quaerat doloribus ea
{userId},Ervin Howell,True,voluptas quo tenetur perspiciatis explicabo natus
{userId},Ervin Howell,True,aliquam aut quasi
{userId},Ervin Howell,True,veritatis pariatur delectus
{userId},Ervin Howell,False,nesciunt totam sit blanditiis sit
{userId},Ervin Howell,False,laborum aut in quam
{userId},Ervin Howell,True,nemo perspiciatis repellat ut dolor libero commodi blanditiis omnis
{userId},Ervin Howell,False,repudiandae totam in est sint facere fuga
{userId},Ervin Howell,False,earum doloribus ea doloremque quis
{userId},Ervin Howell,False,sint sit aut vero
{userId},Ervin Howell,False,porro aut necessitatibus eaque distinctio
{userId},Ervin Howell,True,repellendus veritatis molestias dicta incidunt
{userId},Ervin Howell,True,excepturi deleniti adipisci voluptatem et neque optio illum ad
{userId},Ervin Howell,False,sunt cum tempora
{userId},Ervin Howell,False,totam quia non
{userId},Ervin Howell,False,doloremque quibusdam asperiores libero corrupti illum qui omnis
{userId},Ervin Howell,True,totam atque quo nesciunt
